timestamp_iso,icmp_host,icmp_avg_ms,icmp_loss_pct,speedtest_server,speedtest_latency_ms,download_mbps,upload_mbps,action_taken,post_speedtest_latency_ms,post_download_mbps,post_upload_mbps,note
2026-03-25T10:46:03,8.8.8.8,1008.7,0,,,,,NONE,,,,[Speedtest Failed]
2026-03-25T10:47:57,8.8.8.8,1071.5,0,,,,,NONE,,,,[Speedtest Failed]
2026-03-25T10:56:20,8.8.8.8,982.3,0,BRSK (London),1103.1,4.95,2.94,NONE,,,,[Below Threshold][No Reset]
2026-03-25T11:02:35,8.8.8.8,,,,,,,NONE,,,,[Speedtest Failed]
2026-03-25T11:04:58,8.8.8.8,,,"Highline (Allen, KS)",874.3,2.52,2.81,PPP_RESET_SKIPPED_WINDOW,,,,[Below Threshold][Window Skip]
2026-03-25T11:08:35,8.8.8.8,,,"IdeaTek Telcom (Wichita, KS)",972.6,1.60,2.29,NONE,,,,[Below Threshold][No Reset]
2026-03-25T11:13:05,8.8.8.8,,,"IdeaTek Telcom (Wichita, KS)",878.2,1.47,2.06,NONE,,,,[Below Threshold][No Reset]
2026-03-25T11:15:10,8.8.8.8,,,"IdeaTek Telcom (Wichita, KS)",1017.0,2.22,2.30,NONE,,,,[Below Threshold][No Reset]
2026-03-25T11:21:17,8.8.8.8,,,"Fort Hays State Univ (Hays, KS)",1027.7,2.15,2.39,NONE,,,,[Below Threshold][No Reset]
2026-03-25T11:27:24,8.8.8.8,,,"Fort Hays State Univ (Hays, KS)",938.6,2.15,2.86,NONE,,,,[Below Threshold][No Reset]
2026-03-25T11:33:32,8.8.8.8,,,"Highline (Allen, KS)",988.4,1.92,2.62,NONE,,,,[Below Threshold][No Reset]
2026-03-25T11:39:36,8.8.8.8,,,"IdeaTek Telcom (Wichita, KS)",1187.5,1.86,1.18,NONE,,,,[Below Threshold][No Reset]
2026-03-25T11:45:42,8.8.8.8,,,"Kansas Research and Education Network (Wichita, KS)",972.1,2.27,2.41,NONE,,,,[Below Threshold][No Reset]
2026-03-25T11:51:48,8.8.8.8,,,"Highline (Allen, KS)",979.5,2.03,2.75,NONE,,,,[Below Threshold][No Reset]
2026-03-25T11:57:54,8.8.8.8,,,"IdeaTek Telcom (Wichita, KS)",460.5,2.62,3.78,NONE,,,,[Below Threshold][No Reset]
2026-03-25T12:01:22,8.8.8.8,952.5,0,,,,,NONE,,,,[Speedtest Failed]
2026-03-25T12:21:57,8.8.8.8,920.3,0,,,,,NONE,,,,[Speedtest Failed]
2026-03-25T12:26:15,8.8.8.8,911.3,0,"IdeaTek Telcom (Wichita, KS)",1085.4,2.38,1.13,NONE,,,,[Below Threshold][No Reset]
2026-03-25T12:32:39,8.8.8.8,,,"Fort Hays State Univ (Hays, KS)",919.9,2.18,1.73,NONE,,,,[Below Threshold][No Reset]
2026-03-25T12:38:45,8.8.8.8,,,"Kansas Research and Education Network (Wichita, KS)",517.3,7.72,3.59,NONE,,,,[Below Threshold][No Reset]
2026-03-25T12:44:48,8.8.8.8,,,"Highline (Allen, KS)",449.3,3.89,2.56,NONE,,,,[Below Threshold][No Reset]
2026-03-25T12:50:33,8.8.8.8,,,"Kansas Research and Education Network (Wichita, KS)",410.9,4.31,2.52,NONE,,,,[Below Threshold][No Reset]
2026-03-25T12:56:14,8.8.8.8,,,"Kansas Research and Education Network (Wichita, KS)",369.9,3.04,1.58,NONE,,,,[Below Threshold][No Reset]
2026-03-25T13:01:58,8.8.8.8,,,,,,,NONE,,,,[Speedtest Failed]
2026-03-25T13:07:00,8.8.8.8,,,"Kansas Research and Education Network (Wichita, KS)",459.4,3.27,2.40,NONE,,,,[Below Threshold][No Reset]
2026-03-25T13:12:48,8.8.8.8,,,"Fort Hays State Univ (Hays, KS)",701.6,2.32,2.68,NONE,,,,[Below Threshold][No Reset]
2026-03-25T13:18:41,8.8.8.8,,,"Kansas Research and Education Network (Wichita, KS)",804.0,2.67,2.78,NONE,,,,[Below Threshold][No Reset]
2026-03-25T13:24:45,8.8.8.8,,,"IdeaTek Telcom (Wichita, KS)",194.0,5.15,4.79,NONE,,,,[Below Threshold][No Reset]
2026-03-25T13:30:22,8.8.8.8,,,"Fort Hays State Univ (Hays, KS)",253.6,4.51,2.35,NONE,,,,[Below Threshold][No Reset]
2026-03-25T13:36:18,8.8.8.8,,,"Fort Hays State Univ (Hays, KS)",802.2,4.22,3.30,NONE,,,,[Below Threshold][No Reset]
2026-03-25T13:42:13,8.8.8.8,,,"IdeaTek Telcom (Wichita, KS)",370.0,4.18,3.12,NONE,,,,[Below Threshold][No Reset]
2026-03-25T13:48:05,8.8.8.8,,,"IdeaTek Telcom (Wichita, KS)",333.1,8.93,4.06,NONE,,,,[Below Threshold][No Reset]
2026-03-25T13:53:40,8.8.8.8,,,"Fort Hays State Univ (Hays, KS)",382.2,7.62,3.17,NONE,,,,[Below Threshold][No Reset]
2026-03-25T13:59:22,8.8.8.8,,,"Kansas Research and Education Network (Wichita, KS)",427.0,6.75,4.97,NONE,,,,[Below Threshold][No Reset]
2026-03-25T14:05:15,8.8.8.8,,,"Mutual Telephone Company (McPherson, KS)",507.0,12.32,5.22,NONE,,,,[Below Threshold][No Reset]
2026-03-25T14:11:02,8.8.8.8,,,"Fort Hays State Univ (Hays, KS)",351.8,7.69,2.56,NONE,,,,[Below Threshold][No Reset]
2026-03-25T14:16:44,8.8.8.8,,,"Fort Hays State Univ (Hays, KS)",345.1,1.63,1.14,NONE,,,,[Below Threshold][No Reset]
2026-03-25T14:22:43,8.8.8.8,,,"Fort Hays State Univ (Hays, KS)",319.0,2.74,2.42,NONE,,,,[Below Threshold][No Reset]
2026-03-25T14:28:30,8.8.8.8,,,"Fort Hays State Univ (Hays, KS)",827.9,2.22,2.51,NONE,,,,[Below Threshold][No Reset]
2026-03-25T14:34:36,8.8.8.8,,,"Mutual Telephone Company (McPherson, KS)",456.0,5.40,4.29,NONE,,,,[Below Threshold][No Reset]
2026-03-25T14:40:26,8.8.8.8,,,"Fort Hays State Univ (Hays, KS)",823.3,2.80,3.04,NONE,,,,[Below Threshold][No Reset]
2026-03-25T14:46:31,8.8.8.8,,,"Mutual Telephone Company (McPherson, KS)",1024.4,1.27,3.82,NONE,,,,[Below Threshold][No Reset]
2026-03-25T14:52:42,8.8.8.8,,,"Fort Hays State Univ (Hays, KS)",660.2,1.75,2.93,NONE,,,,[Below Threshold][No Reset]
2026-03-25T14:58:43,8.8.8.8,,,"Fort Hays State Univ (Hays, KS)",780.5,2.96,1.71,NONE,,,,[Below Threshold][No Reset]
2026-03-25T15:04:45,8.8.8.8,,,,,,,NONE,,,,[Speedtest Failed]
2026-03-25T15:09:48,8.8.8.8,,,"Fort Hays State Univ (Hays, KS)",440.3,14.94,3.49,NONE,,,,[Below Threshold][No Reset]
2026-03-25T15:15:58,8.8.8.8,,,"Mutual Telephone Company (McPherson, KS)",421.6,11.64,1.07,NONE,,,,[Below Threshold][No Reset]
2026-03-25T15:21:59,8.8.8.8,,,"Mutual Telephone Company (McPherson, KS)",115.6,20.84,2.74,NONE,,,,[Below Threshold][No Reset]
2026-03-25T15:27:45,8.8.8.8,,,"Mutual Telephone Company (McPherson, KS)",159.9,16.08,7.07,NONE,,,,[Below Threshold][No Reset]
2026-03-25T15:33:27,8.8.8.8,,,"Cunningham Fiber/North Central Kansas Community Network (Beloit, KS)",263.3,18.05,2.04,NONE,,,,[Below Threshold][No Reset]
2026-03-25T15:39:09,8.8.8.8,,,"Fort Hays State Univ (Hays, KS)",1028.7,2.88,2.63,NONE,,,,[Below Threshold][No Reset]
2026-03-25T15:45:12,8.8.8.8,,,"Cunningham Fiber/North Central Kansas Community Network (Beloit, KS)",910.4,2.38,2.47,NONE,,,,[Below Threshold][No Reset]
2026-03-25T15:51:21,8.8.8.8,,,"Fort Hays State Univ (Hays, KS)",479.9,20.28,3.57,NONE,,,,[Below Threshold][No Reset]
2026-03-25T15:57:27,8.8.8.8,,,"Mutual Telephone Company (McPherson, KS)",117.8,17.64,2.75,NONE,,,,[Below Threshold][No Reset]
2026-03-25T16:03:07,8.8.8.8,,,,,,,NONE,,,,[Speedtest Failed]
2026-03-25T16:08:10,8.8.8.8,,,"Fort Hays State Univ (Hays, KS)",725.5,11.41,0.87,NONE,,,,[Below Threshold][No Reset]
2026-03-25T16:14:15,8.8.8.8,,,"Fort Hays State Univ (Hays, KS)",950.9,12.13,3.20,NONE,,,,[Below Threshold][No Reset]
2026-03-25T16:20:30,8.8.8.8,,,"Mutual Telephone Company (McPherson, KS)",115.4,2.01,1.73,NONE,,,,[Below Threshold][No Reset]
2026-03-25T16:26:18,8.8.8.8,,,"Fort Hays State Univ (Hays, KS)",693.0,2.69,3.00,NONE,,,,[Below Threshold][No Reset]
2026-03-25T16:32:27,8.8.8.8,,,"Cunningham Fiber/North Central Kansas Community Network (Beloit, KS)",976.5,2.53,2.69,NONE,,,,[Below Threshold][No Reset]
2026-03-25T16:38:39,8.8.8.8,,,"Mutual Telephone Company (McPherson, KS)",114.6,41.29,9.11,NONE,,,,[OK]
2026-03-25T16:44:10,8.8.8.8,,,"Fort Hays State Univ (Hays, KS)",352.7,16.20,7.38,NONE,,,,[Below Threshold][No Reset]
2026-03-25T16:50:00,8.8.8.8,,,"Cunningham Fiber/North Central Kansas Community Network (Beloit, KS)",117.7,2.74,2.49,NONE,,,,[Below Threshold][No Reset]
2026-03-25T16:55:40,8.8.8.8,,,"Mutual Telephone Company (McPherson, KS)",902.5,13.70,7.79,NONE,,,,[Below Threshold][No Reset]
2026-03-25T17:01:46,8.8.8.8,,,,,,,NONE,,,,[Speedtest Failed]
2026-03-25T17:06:46,8.8.8.8,,,Vodafone UK (London),381.3,3.37,2.39,NONE,,,,[Below Threshold][No Reset]
2026-03-25T17:12:42,8.8.8.8,,,Vodafone UK (London),709.9,21.99,6.45,NONE,,,,[Below Threshold][No Reset]
2026-03-25T17:18:32,8.8.8.8,,,Burstfire Networks Ltd (London),12.4,10.29,1.09,NONE,,,,[Below Threshold][No Reset]
2026-03-25T17:23:59,8.8.8.8,,,Zen Internet (London),871.1,9.31,2.52,NONE,,,,[Below Threshold][No Reset]
2026-03-25T17:29:56,8.8.8.8,,,Vodafone UK (London),269.9,1.48,2.18,NONE,,,,[Below Threshold][No Reset]
2026-03-25T17:35:38,8.8.8.8,,,Burstfire Networks Ltd (London),174.0,4.26,2.25,NONE,,,,[Below Threshold][No Reset]
2026-03-25T17:41:30,8.8.8.8,,,Lightning Fibre Ltd (London),389.2,2.36,3.35,NONE,,,,[Below Threshold][No Reset]
2026-03-25T17:47:16,8.8.8.8,,,GSL Networks (London),510.6,1.50,3.56,NONE,,,,[Below Threshold][No Reset]
2026-03-25T17:53:09,8.8.8.8,,,Vodafone UK (London),374.1,2.00,2.17,NONE,,,,[Below Threshold][No Reset]
2026-03-25T17:59:02,8.8.8.8,,,Vodafone UK (London),928.5,5.54,1.88,NONE,,,,[Below Threshold][No Reset]
2026-03-25T18:05:01,8.8.8.8,,,,,,,NONE,,,,[Speedtest Failed]
2026-03-25T18:10:02,8.8.8.8,,,Burstfire Networks Ltd (London),682.5,3.25,2.47,NONE,,,,[Below Threshold][No Reset]
2026-03-25T18:16:00,8.8.8.8,,,Zen Internet (London),1001.1,2.61,1.49,NONE,,,,[Below Threshold][No Reset]
2026-03-25T18:23:13,8.8.8.8,801.6,0,Zen Internet (London),495.1,5.39,3.63,NONE,,,,[Below Threshold][No Reset]
2026-03-25T18:29:15,8.8.8.8,,,Zen Internet (London),207.5,2.83,2.28,NONE,,,,[Below Threshold][No Reset]
2026-03-25T18:34:53,8.8.8.8,,,Burstfire Networks Ltd (London),830.9,2.64,1.88,NONE,,,,[Below Threshold][No Reset]
2026-03-25T18:40:53,8.8.8.8,,,Vodafone UK (London),11.9,9.24,1.78,NONE,,,,[Below Threshold][No Reset]
2026-03-25T18:46:17,8.8.8.8,,,Vodafone UK (London),1016.7,5.51,3.28,NONE,,,,[Below Threshold][No Reset]
2026-03-25T18:52:18,8.8.8.8,,,Vodafone UK (London),96.6,34.65,4.38,NONE,,,,[Below Threshold][No Reset]
2026-03-25T18:57:56,8.8.8.8,,,Vodafone UK (London),594.0,3.59,2.61,NONE,,,,[Below Threshold][No Reset]
2026-03-25T19:03:53,8.8.8.8,,,,,,,NONE,,,,[Speedtest Failed]
2026-03-25T19:08:57,8.8.8.8,,,Zen Internet (London),23.6,10.27,2.60,NONE,,,,[Below Threshold][No Reset]
2026-03-25T19:14:22,8.8.8.8,,,Vodafone UK (London),611.4,3.68,2.43,NONE,,,,[Below Threshold][No Reset]
2026-03-25T19:20:10,8.8.8.8,,,Vodafone UK (London),193.6,28.34,5.47,NONE,,,,[Below Threshold][No Reset]
2026-03-25T19:25:50,8.8.8.8,,,Vodafone UK (London),567.3,3.17,2.13,NONE,,,,[Below Threshold][No Reset]
2026-03-25T19:31:52,8.8.8.8,,,Lightning Fibre Ltd (London),506.6,1.90,2.28,NONE,,,,[Below Threshold][No Reset]
2026-03-25T19:37:35,8.8.8.8,,,Burstfire Networks Ltd (London),620.4,32.68,8.99,NONE,,,,[Below Threshold][No Reset]
2026-03-25T19:43:33,8.8.8.8,,,Zen Internet (London),981.6,2.34,1.68,NONE,,,,[Below Threshold][No Reset]
2026-03-25T19:49:37,8.8.8.8,,,Lightning Fibre Ltd (London),449.7,3.68,4.95,NONE,,,,[Below Threshold][No Reset]
2026-03-25T19:55:29,8.8.8.8,,,Vodafone UK (London),1073.1,2.38,4.22,NONE,,,,[Below Threshold][No Reset]
2026-03-25T20:01:29,8.8.8.8,,,,,,,NONE,,,,[Speedtest Failed]
2026-03-25T20:06:32,8.8.8.8,,,Zen Internet (London),182.8,1.91,2.08,NONE,,,,[Below Threshold][No Reset]
2026-03-25T20:12:13,8.8.8.8,,,Zen Internet (London),361.0,17.11,4.54,NONE,,,,[Below Threshold][No Reset]
2026-03-25T20:18:07,8.8.8.8,,,Zen Internet (London),945.2,2.48,1.31,NONE,,,,[Below Threshold][No Reset]
2026-03-25T20:24:10,8.8.8.8,,,Lightning Fibre Ltd (London),839.6,5.12,4.60,NONE,,,,[Below Threshold][No Reset]
2026-03-25T20:30:09,8.8.8.8,,,FibreNest (London),897.9,1.37,1.77,NONE,,,,[Below Threshold][No Reset]
2026-03-25T20:36:19,8.8.8.8,,,Zen Internet (London),343.2,5.83,4.62,NONE,,,,[Below Threshold][No Reset]
2026-03-25T20:42:07,8.8.8.8,,,FibreNest (London),493.7,4.32,3.03,NONE,,,,[Below Threshold][No Reset]
2026-03-25T20:47:57,8.8.8.8,,,Zen Internet (London),554.8,19.24,1.17,NONE,,,,[Below Threshold][No Reset]
2026-03-25T20:53:59,8.8.8.8,,,Zen Internet (London),166.2,18.18,1.35,NONE,,,,[Below Threshold][No Reset]
2026-03-25T20:59:44,8.8.8.8,,,FibreNest (London),835.8,2.35,3.49,NONE,,,,[Below Threshold][No Reset]
2026-03-25T21:05:44,8.8.8.8,,,FibreNest (London),639.7,8.64,3.21,NONE,,,,[Below Threshold][No Reset]
2026-03-25T21:11:43,8.8.8.8,,,YouFibre (London),287.6,11.87,2.83,NONE,,,,[Below Threshold][No Reset]
2026-03-25T21:17:27,8.8.8.8,,,Zen Internet (London),14.2,8.59,1.60,NONE,,,,[Below Threshold][No Reset]
2026-03-25T21:22:53,8.8.8.8,,,FibreNest (London),542.0,3.25,1.62,NONE,,,,[Below Threshold][No Reset]
2026-03-25T21:28:38,8.8.8.8,,,Zen Internet (London),129.8,11.12,2.71,NONE,,,,[Below Threshold][No Reset]
2026-03-25T21:34:26,8.8.8.8,,,Lightning Fibre Ltd (London),51.9,25.01,3.04,NONE,,,,[Below Threshold][No Reset]
2026-03-25T21:39:59,8.8.8.8,,,FibreNest (London),11.3,43.52,8.56,NONE,,,,[OK]
2026-03-25T21:45:24,8.8.8.8,,,Lightning Fibre Ltd (London),1000.8,1.04,1.69,NONE,,,,[Below Threshold][No Reset]
2026-03-25T21:51:25,8.8.8.8,,,Lightning Fibre Ltd (London),878.3,1.71,1.84,NONE,,,,[Below Threshold][No Reset]
2026-03-25T21:57:25,8.8.8.8,,,Lightning Fibre Ltd (London),372.9,1.72,2.08,NONE,,,,[Below Threshold][No Reset]
2026-03-25T22:03:12,8.8.8.8,,,,,,,NONE,,,,[Speedtest Failed]
2026-03-25T22:08:14,8.8.8.8,,,Zen Internet (London),581.0,3.18,2.14,NONE,,,,[Below Threshold][No Reset]
2026-03-25T22:14:07,8.8.8.8,,,Lightning Fibre Ltd (London),895.1,3.59,2.51,NONE,,,,[Below Threshold][No Reset]
2026-03-25T22:20:06,8.8.8.8,,,GSL Networks (London),947.7,3.87,3.15,NONE,,,,[Below Threshold][No Reset]
2026-03-25T22:26:04,8.8.8.8,,,Zen Internet (London),905.0,3.37,2.33,NONE,,,,[Below Threshold][No Reset]
2026-03-25T22:32:04,8.8.8.8,,,Lightning Fibre Ltd (London),508.4,1.35,2.59,NONE,,,,[Below Threshold][No Reset]
2026-03-25T22:37:57,8.8.8.8,,,Zen Internet (London),772.7,7.23,2.88,NONE,,,,[Below Threshold][No Reset]
2026-03-25T22:43:50,8.8.8.8,,,Zen Internet (London),11.8,16.77,2.98,NONE,,,,[Below Threshold][No Reset]
2026-03-25T22:49:16,8.8.8.8,,,FibreNest (London),952.1,2.58,3.02,NONE,,,,[Below Threshold][No Reset]
2026-03-25T22:55:13,8.8.8.8,,,YouFibre (London),734.1,8.28,4.80,NONE,,,,[Below Threshold][No Reset]
2026-03-25T23:01:08,8.8.8.8,,,,,,,NONE,,,,[Speedtest Failed]
2026-03-25T23:06:09,8.8.8.8,,,Lightning Fibre Ltd (London),336.6,3.21,3.24,NONE,,,,[Below Threshold][No Reset]
2026-03-25T23:11:49,8.8.8.8,,,YouFibre (London),496.4,14.16,3.93,NONE,,,,[Below Threshold][No Reset]
2026-03-25T23:17:37,8.8.8.8,,,FibreNest (London),484.2,11.77,2.89,NONE,,,,[Below Threshold][No Reset]
2026-03-25T23:23:31,8.8.8.8,,,UK Dedicated Servers (London),190.8,20.79,1.40,NONE,,,,[Below Threshold][No Reset]
2026-03-25T23:29:08,8.8.8.8,,,UK Dedicated Servers (London),11.0,26.60,1.88,NONE,,,,[Below Threshold][No Reset]
2026-03-25T23:34:51,8.8.8.8,,,UK Dedicated Servers (London),899.5,17.44,1.83,NONE,,,,[Below Threshold][No Reset]
2026-03-25T23:40:51,8.8.8.8,,,Lightning Fibre Ltd (London),465.3,1.93,2.67,NONE,,,,[Below Threshold][No Reset]
2026-03-25T23:46:33,8.8.8.8,,,FibreNest (London),604.2,4.22,3.40,NONE,,,,[Below Threshold][No Reset]
2026-03-25T23:52:25,8.8.8.8,,,YouFibre (London),372.7,12.23,2.06,NONE,,,,[Below Threshold][No Reset]
2026-03-25T23:58:13,8.8.8.8,,,UK Dedicated Servers (London),533.1,18.02,4.85,NONE,,,,[Below Threshold][No Reset]
2026-03-26T00:04:02,8.8.8.8,,,,,,,NONE,,,,[Speedtest Failed]
2026-03-26T00:09:05,8.8.8.8,,,YouFibre (London),593.9,4.38,2.87,NONE,,,,[Below Threshold][No Reset]
2026-03-26T00:14:51,8.8.8.8,,,FibreNest (London),738.3,7.75,4.09,NONE,,,,[Below Threshold][No Reset]
2026-03-26T00:20:42,8.8.8.8,,,UK Dedicated Servers (London),82.4,3.00,2.11,NONE,,,,[Below Threshold][No Reset]
2026-03-26T00:26:14,8.8.8.8,,,UK Dedicated Servers (London),622.2,3.90,1.98,NONE,,,,[Below Threshold][No Reset]
2026-03-26T00:32:07,8.8.8.8,,,Lightning Fibre Ltd (London),705.3,1.46,2.44,NONE,,,,[Below Threshold][No Reset]
2026-03-26T00:37:59,8.8.8.8,,,FibreNest (London),680.9,4.18,1.74,NONE,,,,[Below Threshold][No Reset]
2026-03-26T00:43:50,8.8.8.8,,,Lightning Fibre Ltd (London),372.0,1.31,2.18,NONE,,,,[Below Threshold][No Reset]
2026-03-26T00:49:36,8.8.8.8,,,Lightning Fibre Ltd (London),682.0,2.78,3.57,NONE,,,,[Below Threshold][No Reset]
2026-03-26T00:55:31,8.8.8.8,,,Lightning Fibre Ltd (London),178.0,3.05,3.56,NONE,,,,[Below Threshold][No Reset]
2026-03-26T01:01:11,8.8.8.8,,,,,,,NONE,,,,[Speedtest Failed]
2026-03-26T01:06:14,8.8.8.8,,,Lightning Fibre Ltd (London),401.7,2.03,2.20,NONE,,,,[Below Threshold][No Reset]
2026-03-26T01:11:54,8.8.8.8,,,FibreNest (London),408.9,13.37,3.79,NONE,,,,[Below Threshold][No Reset]
2026-03-26T01:17:37,8.8.8.8,,,YouFibre (London),341.6,14.49,3.43,NONE,,,,[Below Threshold][No Reset]
2026-03-26T01:23:14,8.8.8.8,,,UK Dedicated Servers (London),13.5,31.15,7.02,NONE,,,,[Below Threshold][No Reset]
2026-03-26T01:28:40,8.8.8.8,,,Lightning Fibre Ltd (London),328.9,2.50,2.51,NONE,,,,[Below Threshold][No Reset]
2026-03-26T01:34:16,8.8.8.8,,,UK Dedicated Servers (London),372.2,12.39,2.92,NONE,,,,[Below Threshold][No Reset]
2026-03-26T01:39:58,8.8.8.8,,,YouFibre (London),292.0,7.49,2.37,NONE,,,,[Below Threshold][No Reset]
2026-03-26T01:45:34,8.8.8.8,,,UK Dedicated Servers (London),109.6,19.63,6.05,NONE,,,,[Below Threshold][No Reset]
2026-03-26T01:51:02,8.8.8.8,,,UK Dedicated Servers (London),32.8,25.15,3.72,NONE,,,,[Below Threshold][No Reset]
2026-03-26T01:56:40,8.8.8.8,,,UK Dedicated Servers (London),929.0,2.49,2.02,NONE,,,,[Below Threshold][No Reset]
2026-03-26T02:02:40,8.8.8.8,,,,,,,NONE,,,,[Speedtest Failed]
2026-03-26T02:07:43,8.8.8.8,,,Glide (London),1046.9,2.26,0.77,NONE,,,,[Below Threshold][No Reset]
2026-03-26T02:13:50,8.8.8.8,,,Zen Internet (London),1059.8,2.22,2.15,NONE,,,,[Below Threshold][No Reset]
2026-03-26T02:19:51,8.8.8.8,,,Zen Internet (London),541.4,2.20,2.21,NONE,,,,[Below Threshold][No Reset]
2026-03-26T02:25:51,8.8.8.8,,,Zen Internet (London),36.9,5.39,3.03,NONE,,,,[Below Threshold][No Reset]
2026-03-26T02:31:35,8.8.8.8,,,Zen Internet (London),990.0,2.54,2.29,NONE,,,,[Below Threshold][No Reset]
2026-03-26T02:37:34,8.8.8.8,,,Zen Internet (London),1022.4,2.15,1.68,NONE,,,,[Below Threshold][No Reset]
2026-03-26T02:43:37,8.8.8.8,,,Community Fibre Limited (London),18.8,7.99,2.06,NONE,,,,[Below Threshold][No Reset]
2026-03-26T02:49:04,8.8.8.8,,,Cybersmart Pty Ltd (London),982.9,2.10,1.32,NONE,,,,[Below Threshold][No Reset]
2026-03-26T02:55:12,8.8.8.8,,,Coreix Ltd (London),830.1,2.15,1.13,NONE,,,,[Below Threshold][No Reset]
2026-03-26T03:01:19,8.8.8.8,,,,,,,NONE,,,,[Speedtest Failed]
2026-03-26T03:06:22,8.8.8.8,,,Zen Internet (London),683.0,2.43,1.51,NONE,,,,[Below Threshold][No Reset]
2026-03-26T03:12:23,8.8.8.8,,,Zen Internet (London),956.8,2.26,3.60,NONE,,,,[Below Threshold][No Reset]
2026-03-26T03:18:23,8.8.8.8,,,Coreix Ltd (London),869.8,2.52,2.95,NONE,,,,[Below Threshold][No Reset]
2026-03-26T03:24:21,8.8.8.8,,,Cybersmart Pty Ltd (London),987.1,2.16,1.47,NONE,,,,[Below Threshold][No Reset]
2026-03-26T03:30:31,8.8.8.8,,,Coreix Ltd (London),20.1,23.50,2.03,NONE,,,,[Below Threshold][No Reset]
2026-03-26T03:36:08,8.8.8.8,,,Coreix Ltd (London),965.9,2.01,1.68,NONE,,,,[Below Threshold][No Reset]
2026-03-26T03:42:18,8.8.8.8,,,Cybersmart Pty Ltd (London),697.9,2.94,2.34,NONE,,,,[Below Threshold][No Reset]
2026-03-26T03:48:18,8.8.8.8,,,Zen Internet (London),16.5,17.89,1.90,NONE,,,,[Below Threshold][No Reset]
2026-03-26T03:53:42,8.8.8.8,,,Cybersmart Pty Ltd (London),652.0,2.29,2.35,NONE,,,,[Below Threshold][No Reset]
2026-03-26T03:59:39,8.8.8.8,,,Zen Internet (London),869.8,3.68,2.02,NONE,,,,[Below Threshold][No Reset]
2026-03-26T04:05:43,8.8.8.8,,,Coreix Ltd (London),512.4,1.96,2.12,NONE,,,,[Below Threshold][No Reset]
2026-03-26T04:11:40,8.8.8.8,,,Glide (London),804.8,2.93,2.31,NONE,,,,[Below Threshold][No Reset]
2026-03-26T04:17:31,8.8.8.8,,,Zen Internet (London),998.2,2.53,1.18,NONE,,,,[Below Threshold][No Reset]
2026-03-26T04:23:42,8.8.8.8,,,Community Fibre Limited (London),980.2,2.80,2.93,NONE,,,,[Below Threshold][No Reset]
2026-03-26T04:29:40,8.8.8.8,,,Cybersmart Pty Ltd (London),962.8,2.20,2.09,NONE,,,,[Below Threshold][No Reset]
2026-03-26T04:35:43,8.8.8.8,,,Glide (London),966.9,2.52,1.83,NONE,,,,[Below Threshold][No Reset]
2026-03-26T04:41:39,8.8.8.8,,,Zen Internet (London),453.8,2.96,2.60,NONE,,,,[Below Threshold][No Reset]
2026-03-26T04:47:33,8.8.8.8,,,Zen Internet (London),1025.6,2.29,1.22,NONE,,,,[Below Threshold][No Reset]
2026-03-26T04:53:42,8.8.8.8,,,Coreix Ltd (London),20.2,6.99,8.12,NONE,,,,[Below Threshold][No Reset]
2026-03-26T04:59:10,8.8.8.8,,,Cybersmart Pty Ltd (London),928.1,1.50,1.12,NONE,,,,[Below Threshold][No Reset]
2026-03-26T05:05:15,8.8.8.8,,,Zen Internet (London),987.1,2.52,2.36,NONE,,,,[Below Threshold][No Reset]
2026-03-26T05:11:15,8.8.8.8,,,Lightning Fibre Ltd (London),969.5,0.93,2.27,NONE,,,,[Below Threshold][No Reset]
2026-03-26T05:17:17,8.8.8.8,,,Lightning Fibre Ltd (London),836.8,2.43,1.51,NONE,,,,[Below Threshold][No Reset]
2026-03-26T05:23:21,8.8.8.8,,,VoiceHost Ltd (London),1012.3,2.71,1.78,NONE,,,,[Below Threshold][No Reset]
2026-03-26T05:29:25,8.8.8.8,,,Zen Internet (London),666.3,2.29,1.61,NONE,,,,[Below Threshold][No Reset]
2026-03-26T05:35:30,8.8.8.8,,,Zen Internet (London),439.7,2.94,2.50,NONE,,,,[Below Threshold][No Reset]
2026-03-26T05:41:25,8.8.8.8,,,Zen Internet (London),48.4,9.19,2.44,NONE,,,,[Below Threshold][No Reset]
2026-03-26T05:46:52,8.8.8.8,,,Lightning Fibre Ltd (London),952.2,0.84,1.86,NONE,,,,[Below Threshold][No Reset]
2026-03-26T05:52:54,8.8.8.8,,,Zen Internet (London),1007.9,3.76,5.51,NONE,,,,[Below Threshold][No Reset]
2026-03-26T05:58:58,8.8.8.8,,,Lightning Fibre Ltd (London),26.1,33.21,7.19,NONE,,,,[Below Threshold][No Reset]
2026-03-26T06:04:23,8.8.8.8,,,,,,,NONE,,,,[Speedtest Failed]
2026-03-26T06:09:25,8.8.8.8,,,Zen Internet (London),630.2,2.15,1.60,NONE,,,,[Below Threshold][No Reset]
2026-03-26T06:15:23,8.8.8.8,,,Lightning Fibre Ltd (London),823.0,1.62,1.75,NONE,,,,[Below Threshold][No Reset]
2026-03-26T06:21:31,8.8.8.8,,,Zen Internet (London),519.7,3.27,1.48,NONE,,,,[Below Threshold][No Reset]
2026-03-26T06:27:21,8.8.8.8,,,Lightning Fibre Ltd (London),1071.8,1.24,3.60,NONE,,,,[Below Threshold][No Reset]
2026-03-26T06:33:24,8.8.8.8,,,IDNet (London),644.1,2.42,3.36,NONE,,,,[Below Threshold][No Reset]
2026-03-26T06:39:23,8.8.8.8,,,Lightning Fibre Ltd (London),404.3,1.81,1.64,NONE,,,,[Below Threshold][No Reset]
2026-03-26T06:45:21,8.8.8.8,,,Zen Internet (London),880.2,2.14,2.19,NONE,,,,[Below Threshold][No Reset]
2026-03-26T06:51:21,8.8.8.8,,,Community Fibre Limited (London),804.3,2.83,1.22,NONE,,,,[Below Threshold][No Reset]
2026-03-26T06:57:15,8.8.8.8,,,FibreNest (London),657.7,2.42,2.67,NONE,,,,[Below Threshold][No Reset]
2026-03-26T07:03:16,8.8.8.8,,,,,,,NONE,,,,[Speedtest Failed]
2026-03-26T07:08:20,8.8.8.8,,,IDNet (London),13.3,27.06,1.57,NONE,,,,[Below Threshold][No Reset]
2026-03-26T07:14:06,8.8.8.8,,,Jump Networks Ltd (London),1030.4,1.88,1.21,NONE,,,,[Below Threshold][No Reset]
2026-03-26T07:20:12,8.8.8.8,,,FAELIX (London),870.1,2.54,2.04,NONE,,,,[Below Threshold][No Reset]
2026-03-26T07:26:09,8.8.8.8,,,VoiceHost Ltd (London),178.5,4.38,2.70,NONE,,,,[Below Threshold][No Reset]
2026-03-26T07:31:57,8.8.8.8,,,Zen Internet (London),979.0,2.84,2.79,NONE,,,,[Below Threshold][No Reset]
2026-03-26T07:38:02,8.8.8.8,,,Zen Internet (London),788.9,2.39,1.75,NONE,,,,[Below Threshold][No Reset]
2026-03-26T07:44:04,8.8.8.8,,,Zen Internet (London),700.2,2.60,2.61,NONE,,,,[Below Threshold][No Reset]
2026-03-26T07:50:04,8.8.8.8,,,Lightning Fibre Ltd (London),1008.4,1.20,1.81,NONE,,,,[Below Threshold][No Reset]
2026-03-26T07:56:03,8.8.8.8,,,IDNet (London),520.2,2.59,5.17,NONE,,,,[Below Threshold][No Reset]
2026-03-26T08:01:54,8.8.8.8,,,,,,,NONE,,,,[Speedtest Failed]
2026-03-26T08:06:57,8.8.8.8,,,FAELIX (Manchester),1029.7,2.62,1.40,NONE,,,,[Below Threshold][No Reset]
2026-03-26T08:13:16,8.8.8.8,,,KCOM Group PLC (Hull),814.6,2.06,2.31,NONE,,,,[Below Threshold][No Reset]
2026-03-26T08:19:29,8.8.8.8,,,KCOM Group PLC (Hull),1041.3,3.26,1.97,NONE,,,,[Below Threshold][No Reset]
2026-03-26T08:25:57,8.8.8.8,,,YouFibre (Manchester),875.3,2.36,1.87,NONE,,,,[Below Threshold][No Reset]
2026-03-26T08:32:08,8.8.8.8,,,KCOM Group PLC (Hull),485.7,2.16,3.01,NONE,,,,[Below Threshold][No Reset]
2026-03-26T08:38:13,8.8.8.8,,,KCOM Group PLC (Hull),878.7,2.21,1.86,NONE,,,,[Below Threshold][No Reset]
2026-03-26T08:44:31,8.8.8.8,,,FAELIX (Manchester),1059.6,2.97,1.89,NONE,,,,[Below Threshold][No Reset]
2026-03-26T08:50:59,8.8.8.8,,,KCOM Group PLC (Hull),850.8,2.62,2.15,NONE,,,,[Below Threshold][No Reset]
2026-03-26T08:57:19,8.8.8.8,,,FAELIX (Manchester),1046.9,2.38,4.00,NONE,,,,[Below Threshold][No Reset]
2026-03-26T09:03:38,8.8.8.8,,,,,,,NONE,,,,[Speedtest Failed]
2026-03-26T09:08:41,8.8.8.8,,,FAELIX (Manchester),757.0,2.49,2.98,NONE,,,,[Below Threshold][No Reset]
2026-03-26T09:14:49,8.8.8.8,,,KCOM Group PLC (Hull),726.3,2.35,1.15,NONE,,,,[Below Threshold][No Reset]
2026-03-26T09:21:03,8.8.8.8,,,KCOM Group PLC (Hull),1080.4,1.95,1.68,NONE,,,,[Below Threshold][No Reset]
2026-03-26T09:27:20,8.8.8.8,,,YouFibre (Manchester),284.6,3.03,2.48,NONE,,,,[Below Threshold][No Reset]
2026-03-26T09:33:21,8.8.8.8,,,IDS LTD (Manchester),920.5,1.86,1.66,NONE,,,,[Below Threshold][No Reset]
2026-03-26T09:39:36,8.8.8.8,,,KCOM Group PLC (Hull),907.0,2.60,2.41,NONE,,,,[Below Threshold][No Reset]
2026-03-26T09:45:51,8.8.8.8,,,IDS LTD (Manchester),713.3,2.42,1.63,NONE,,,,[Below Threshold][No Reset]
2026-03-26T09:52:01,8.8.8.8,,,YouFibre (Manchester),763.1,2.84,1.81,NONE,,,,[Below Threshold][No Reset]
2026-03-26T09:58:16,8.8.8.8,,,KCOM Group PLC (Hull),916.3,2.16,2.40,NONE,,,,[Below Threshold][No Reset]
2026-03-26T10:04:42,8.8.8.8,,,,,,,NONE,,,,[Speedtest Failed]
2026-03-26T10:09:45,8.8.8.8,,,KCOM Group PLC (Hull),1007.6,2.08,1.45,NONE,,,,[Below Threshold][No Reset]
2026-03-26T10:16:10,8.8.8.8,,,FAELIX (Manchester),377.4,3.82,2.83,NONE,,,,[Below Threshold][No Reset]
2026-03-26T10:22:18,8.8.8.8,,,KCOM Group PLC (Hull),116.9,7.32,5.88,NONE,,,,[Below Threshold][No Reset]
2026-03-26T10:28:13,8.8.8.8,,,IDS LTD (Manchester),499.4,2.70,1.78,NONE,,,,[Below Threshold][No Reset]
2026-03-26T10:34:27,8.8.8.8,,,FAELIX (Manchester),1003.9,2.57,2.50,NONE,,,,[Below Threshold][No Reset]
2026-03-26T10:41:10,8.8.8.8,839.4,0,FAELIX (Manchester),538.5,2.38,2.07,NONE,,,,[Below Threshold][No Reset]
2026-03-26T10:47:36,8.8.8.8,,,KCOM Group PLC (Hull),789.7,2.29,1.15,NONE,,,,[Below Threshold][No Reset]
2026-03-26T10:53:54,8.8.8.8,,,KCOM Group PLC (Hull),892.5,2.02,1.48,NONE,,,,[Below Threshold][No Reset]
2026-03-26T11:00:10,8.8.8.8,,,,,,,NONE,,,,[Speedtest Failed]
2026-03-26T11:05:13,8.8.8.8,,,Connect Fibre (Slough),856.7,3.60,2.08,NONE,,,,[Below Threshold][No Reset]
2026-03-26T11:11:12,8.8.8.8,,,Connect Fibre (Slough),1019.7,3.97,1.26,NONE,,,,[Below Threshold][No Reset]
2026-03-26T11:17:14,8.8.8.8,,,Opus Broadband (Stevenage),425.6,22.90,4.38,NONE,,,,[Below Threshold][No Reset]
2026-03-26T11:22:56,8.8.8.8,,,Exascale (Telford),340.4,3.36,1.03,NONE,,,,[Below Threshold][No Reset]
2026-03-26T11:28:54,8.8.8.8,,,Connect Fibre (Slough),1008.4,2.28,1.84,NONE,,,,[Below Threshold][No Reset]
2026-03-26T11:35:05,8.8.8.8,,,Public Internet Ltd (Oxford),831.0,3.35,2.87,NONE,,,,[Below Threshold][No Reset]
2026-03-26T11:41:05,8.8.8.8,,,Public Internet Ltd (Oxford),511.6,3.80,2.94,NONE,,,,[Below Threshold][No Reset]
2026-03-26T11:46:49,8.8.8.8,,,Exascale (Telford),869.8,2.36,2.39,NONE,,,,[Below Threshold][No Reset]
2026-03-26T11:52:53,8.8.8.8,,,Connect Fibre (Slough),191.5,7.90,4.12,NONE,,,,[Below Threshold][No Reset]
2026-03-26T11:58:34,8.8.8.8,,,Public Internet Ltd (Oxford),705.1,2.31,1.42,NONE,,,,[Below Threshold][No Reset]
2026-03-26T12:04:39,8.8.8.8,,,,,,,NONE,,,,[Speedtest Failed]
2026-03-26T12:09:42,8.8.8.8,,,Exascale (Telford),544.8,1.89,1.30,NONE,,,,[Below Threshold][No Reset]
2026-03-26T12:15:33,8.8.8.8,,,Exascale (Telford),1056.0,2.33,2.04,NONE,,,,[Below Threshold][No Reset]
2026-03-26T12:21:42,8.8.8.8,,,Ogi (Cardiff),295.1,3.82,4.77,NONE,,,,[Below Threshold][No Reset]
2026-03-26T12:27:23,8.8.8.8,,,Exascale (Telford),233.4,7.38,3.05,NONE,,,,[Below Threshold][No Reset]
2026-03-26T12:32:54,8.8.8.8,,,Public Internet Ltd (Oxford),303.0,2.59,3.13,NONE,,,,[Below Threshold][No Reset]
2026-03-26T12:38:39,8.8.8.8,,,Connect Fibre (Slough),563.0,10.20,4.99,NONE,,,,[Below Threshold][No Reset]
2026-03-26T12:46:47,8.8.8.8,465.5,0,Connect Fibre (Slough),450.8,11.80,5.25,NONE,,,,[Below Threshold][No Reset]
2026-03-26T12:52:43,8.8.8.8,,,Connect Fibre (Slough),535.0,3.72,2.24,NONE,,,,[Below Threshold][No Reset]
2026-03-26T12:58:29,8.8.8.8,,,Connect Fibre (Slough),407.6,2.61,2.18,NONE,,,,[Below Threshold][No Reset]
2026-03-26T13:04:19,8.8.8.8,,,,,,,NONE,,,,[Speedtest Failed]
2026-03-26T13:09:23,8.8.8.8,,,Public Internet Ltd (Oxford),202.8,5.25,2.95,NONE,,,,[Below Threshold][No Reset]
2026-03-26T13:14:58,8.8.8.8,,,Public Internet Ltd (Oxford),181.8,4.18,2.65,NONE,,,,[Below Threshold][No Reset]
2026-03-26T13:20:28,8.8.8.8,,,Connect Fibre (Slough),220.8,12.53,1.84,NONE,,,,[Below Threshold][No Reset]
2026-03-26T13:26:09,8.8.8.8,,,Exascale (Telford),1011.9,2.77,2.94,NONE,,,,[Below Threshold][No Reset]
2026-03-26T13:32:11,8.8.8.8,,,Connect Fibre (Slough),527.6,4.11,2.67,NONE,,,,[Below Threshold][No Reset]
2026-03-26T13:35:46,8.8.8.8,695.4,0,Opus Broadband (Stevenage),685.4,4.60,1.78,NONE,,,,[Below Threshold][No Reset]
2026-03-26T13:41:57,8.8.8.8,769.1,0,Public Internet Ltd (Oxford),606.5,2.11,2.84,NONE,,,,[Below Threshold][No Reset]
2026-03-26T13:47:49,8.8.8.8,1053.0,0,Connect Fibre (Slough),217.5,6.22,3.08,NONE,,,,[Below Threshold][No Reset]
2026-03-26T13:53:32,8.8.8.8,769.6,0,Exascale (Telford),693.3,3.73,2.70,NONE,,,,[Below Threshold][No Reset]
2026-03-26T13:59:28,8.8.8.8,331.8,0,Ogi (Cardiff),391.2,5.84,4.09,NONE,,,,[Below Threshold][No Reset]
2026-03-26T14:05:06,8.8.8.8,633.0,0,Burstfire Networks Ltd (London),475.1,8.07,4.30,NONE,,,,[Below Threshold][No Reset]
2026-03-26T14:10:57,8.8.8.8,1229.0,0,FibreNest (London),960.6,4.48,2.51,NONE,,,,[Below Threshold][No Reset]
2026-03-26T14:17:03,8.8.8.8,398.7,0,Cybersmart Pty Ltd (London),380.5,2.81,2.84,NONE,,,,[Below Threshold][No Reset]
2026-03-26T14:22:41,8.8.8.8,698.6,0,FibreNest (London),340.1,4.40,3.72,NONE,,,,[Below Threshold][No Reset]
2026-03-26T14:28:32,8.8.8.8,753.7,0,FibreNest (London),351.6,3.33,3.05,NONE,,,,[Below Threshold][No Reset]
2026-03-26T14:34:27,8.8.8.8,368.8,0,FibreNest (London),319.2,11.18,2.48,NONE,,,,[Below Threshold][No Reset]
2026-03-26T14:40:08,8.8.8.8,379.4,0,FibreNest (London),217.0,12.98,4.97,NONE,,,,[Below Threshold][No Reset]
2026-03-26T14:45:43,8.8.8.8,838.1,0,FibreNest (London),155.9,24.59,4.36,NONE,,,,[Below Threshold][No Reset]
2026-03-26T14:51:32,8.8.8.8,313.3,0,Cybersmart Pty Ltd (London),80.4,12.27,3.19,NONE,,,,[Below Threshold][No Reset]
2026-03-26T14:57:11,8.8.8.8,1044.4,0,Community Fibre Limited (London),275.1,6.27,3.29,NONE,,,,[Below Threshold][No Reset]
2026-03-26T15:02:52,8.8.8.8,304.5,0,,,,,NONE,,,,[Speedtest Failed]
2026-03-26T15:07:55,8.8.8.8,1131.3,0,FibreNest (London),508.1,6.24,4.08,NONE,,,,[Below Threshold][No Reset]
2026-03-26T15:13:46,8.8.8.8,319.9,0,Burstfire Networks Ltd (London),18.7,18.46,2.96,NONE,,,,[Below Threshold][No Reset]
2026-03-26T15:19:27,8.8.8.8,774.3,0,FibreNest (London),373.9,12.93,5.40,NONE,,,,[Below Threshold][No Reset]
2026-03-26T15:25:11,8.8.8.8,593.3,0,Community Fibre Limited (London),296.8,6.25,2.12,NONE,,,,[Below Threshold][No Reset]
2026-03-26T15:31:07,8.8.8.8,454.1,0,Cybersmart Pty Ltd (London),610.7,4.10,3.14,NONE,,,,[Below Threshold][No Reset]
2026-03-26T15:37:01,8.8.8.8,884.3,0,FibreNest (London),998.5,2.28,1.55,NONE,,,,[Below Threshold][No Reset]
2026-03-26T15:43:15,8.8.8.8,386.8,0,Burstfire Networks Ltd (London),91.7,12.20,2.49,NONE,,,,[Below Threshold][No Reset]
2026-03-26T15:48:58,8.8.8.8,813.6,0,YouFibre (London),775.9,12.08,1.45,NONE,,,,[Below Threshold][No Reset]
2026-03-26T15:55:06,8.8.8.8,420.3,0,Cybersmart Pty Ltd (London),331.3,4.59,3.01,NONE,,,,[Below Threshold][No Reset]
2026-03-26T16:00:44,8.8.8.8,745.5,0,,,,,NONE,,,,[Speedtest Failed]
2026-03-26T16:05:49,8.8.8.8,243.4,0,FibreNest (London),489.7,12.52,2.36,NONE,,,,[Below Threshold][No Reset]
2026-03-26T16:11:34,8.8.8.8,294.0,0,Cybersmart Pty Ltd (London),325.9,1.36,2.99,NONE,,,,[Below Threshold][No Reset]
2026-03-26T16:17:13,8.8.8.8,494.6,0,FibreNest (London),448.8,4.98,3.22,NONE,,,,[Below Threshold][No Reset]
2026-03-26T16:22:55,8.8.8.8,378.4,0,FibreNest (London),218.2,8.83,1.93,NONE,,,,[Below Threshold][No Reset]
2026-03-26T16:28:46,8.8.8.8,385.6,0,FibreNest (London),333.5,6.47,3.34,NONE,,,,[Below Threshold][No Reset]
2026-03-26T16:34:27,8.8.8.8,367.3,0,Community Fibre Limited (London),209.7,5.67,2.42,NONE,,,,[Below Threshold][No Reset]
2026-03-26T16:40:04,8.8.8.8,242.9,0,Cybersmart Pty Ltd (London),159.5,2.82,4.52,NONE,,,,[Below Threshold][No Reset]
2026-03-26T16:45:40,8.8.8.8,645.2,0,Cybersmart Pty Ltd (London),249.5,3.02,2.70,NONE,,,,[Below Threshold][No Reset]
2026-03-26T16:51:21,8.8.8.8,624.1,0,YouFibre (London),386.7,12.39,5.44,NONE,,,,[Below Threshold][No Reset]
2026-03-26T16:57:04,8.8.8.8,293.7,0,FibreNest (London),306.3,10.26,3.33,NONE,,,,[Below Threshold][No Reset]
2026-03-26T17:02:41,8.8.8.8,336.3,0,,,,,NONE,,,,[Speedtest Failed]
2026-03-26T17:07:43,8.8.8.8,420.5,0,Community Fibre Limited (London),431.1,3.84,3.16,NONE,,,,[Below Threshold][No Reset]
2026-03-26T17:13:24,8.8.8.8,411.0,0,toob Ltd (London),252.8,2.96,2.34,NONE,,,,[Below Threshold][No Reset]
2026-03-26T17:19:02,8.8.8.8,339.6,0,Community Fibre Limited (London),315.2,1.94,2.96,NONE,,,,[Below Threshold][No Reset]
2026-03-26T17:24:44,8.8.8.8,295.9,0,FibreNest (London),436.2,13.33,3.60,NONE,,,,[Below Threshold][No Reset]
2026-03-26T17:30:24,8.8.8.8,299.4,0,FibreNest (London),319.5,10.90,4.08,NONE,,,,[Below Threshold][No Reset]
2026-03-26T17:36:06,8.8.8.8,223.0,0,GSL Networks (London),250.6,29.22,5.64,NONE,,,,[Below Threshold][No Reset]
2026-03-26T17:41:45,8.8.8.8,483.7,0,GSL Networks (London),326.5,12.56,5.17,NONE,,,,[Below Threshold][No Reset]
2026-03-26T17:47:28,8.8.8.8,577.9,0,YouFibre (London),295.9,13.36,3.56,NONE,,,,[Below Threshold][No Reset]
2026-03-26T17:53:09,8.8.8.8,261.9,0,GSL Networks (London),418.9,17.09,4.51,NONE,,,,[Below Threshold][No Reset]
2026-03-26T17:58:51,8.8.8.8,583.1,0,YouFibre (London),448.2,11.81,4.79,NONE,,,,[Below Threshold][No Reset]
2026-03-26T18:04:42,8.8.8.8,793.3,0,,,,,NONE,,,,[Speedtest Failed]
2026-03-26T18:09:48,8.8.8.8,405.2,0,GSL Networks (London),408.9,13.37,2.62,NONE,,,,[Below Threshold][No Reset]
2026-03-26T18:15:29,8.8.8.8,149.2,0,toob Ltd (London),477.7,8.91,3.21,NONE,,,,[Below Threshold][No Reset]
2026-03-26T18:21:11,8.8.8.8,383.5,0,toob Ltd (London),341.6,4.41,3.01,NONE,,,,[Below Threshold][No Reset]
2026-03-26T18:26:52,8.8.8.8,179.7,0,GSL Networks (London),532.5,14.99,2.98,NONE,,,,[Below Threshold][No Reset]
2026-03-26T18:32:37,8.8.8.8,434.0,0,FibreNest (London),428.1,7.24,3.54,NONE,,,,[Below Threshold][No Reset]
2026-03-26T18:38:20,8.8.8.8,173.2,0,GSL Networks (London),267.4,16.19,3.17,NONE,,,,[Below Threshold][No Reset]
2026-03-26T18:44:00,8.8.8.8,726.8,0,FibreNest (London),415.4,5.55,3.92,NONE,,,,[Below Threshold][No Reset]
2026-03-26T18:49:51,8.8.8.8,439.6,0,FibreNest (London),355.7,12.90,2.37,NONE,,,,[Below Threshold][No Reset]
2026-03-26T18:55:33,8.8.8.8,309.8,0,YouFibre (London),657.6,5.74,2.84,NONE,,,,[Below Threshold][No Reset]
2026-03-26T19:01:30,8.8.8.8,399.0,0,,,,,NONE,,,,[Speedtest Failed]
2026-03-26T19:06:33,8.8.8.8,699.5,0,GSL Networks (London),356.9,9.02,2.88,NONE,,,,[Below Threshold][No Reset]
2026-03-26T19:12:12,8.8.8.8,356.0,0,Community Fibre Limited (London),363.4,1.77,2.99,NONE,,,,[Below Threshold][No Reset]
2026-03-26T19:17:50,8.8.8.8,853.5,0,toob Ltd (London),344.2,3.38,1.95,NONE,,,,[Below Threshold][No Reset]
2026-03-26T19:23:46,8.8.8.8,731.5,0,GSL Networks (London),299.1,3.33,5.15,NONE,,,,[Below Threshold][No Reset]
2026-03-26T19:29:32,8.8.8.8,63.9,0,YouFibre (London),71.6,35.85,8.06,NONE,,,,[Below Threshold][No Reset]
2026-03-26T19:34:57,8.8.8.8,422.5,0,YouFibre (London),383.0,5.15,3.54,NONE,,,,[Below Threshold][No Reset]
2026-03-26T19:40:38,8.8.8.8,396.1,0,FibreNest (London),367.7,8.35,3.11,NONE,,,,[Below Threshold][No Reset]
2026-03-26T19:46:18,8.8.8.8,859.2,0,GSL Networks (London),732.8,4.05,2.19,NONE,,,,[Below Threshold][No Reset]
2026-03-26T19:52:16,8.8.8.8,544.1,0,toob Ltd (London),498.6,6.04,3.51,NONE,,,,[Below Threshold][No Reset]
2026-03-26T19:58:01,8.8.8.8,547.3,0,FibreNest (London),440.1,13.91,5.03,NONE,,,,[Below Threshold][No Reset]
2026-03-26T20:03:43,8.8.8.8,382.5,0,,,,,NONE,,,,[Speedtest Failed]
2026-03-26T20:08:46,8.8.8.8,515.7,0,FibreNest (London),506.7,2.41,3.04,NONE,,,,[Below Threshold][No Reset]
2026-03-26T20:14:50,8.8.8.8,822.7,0,FibreNest (London),370.6,2.91,2.70,NONE,,,,[Below Threshold][No Reset]
2026-03-26T20:20:39,8.8.8.8,342.6,0,Aquiss (London),301.2,18.81,2.50,NONE,,,,[Below Threshold][No Reset]
2026-03-26T20:26:25,8.8.8.8,325.6,0,YouFibre (London),279.9,14.89,3.04,NONE,,,,[Below Threshold][No Reset]
2026-03-26T20:32:07,8.8.8.8,302.8,0,YouFibre (London),159.1,2.35,5.08,NONE,,,,[Below Threshold][No Reset]
2026-03-26T20:37:41,8.8.8.8,901.5,0,Aquiss (London),115.2,9.18,4.94,NONE,,,,[Below Threshold][No Reset]
2026-03-26T20:43:27,8.8.8.8,516.4,0,toob Ltd (London),201.7,7.18,1.32,NONE,,,,[Below Threshold][No Reset]
2026-03-26T20:49:16,8.8.8.8,543.9,0,Aquiss (London),1002.4,5.11,2.70,NONE,,,,[Below Threshold][No Reset]
2026-03-26T20:55:20,8.8.8.8,348.1,0,Aquiss (London),300.0,8.41,4.71,NONE,,,,[Below Threshold][No Reset]
2026-03-26T21:00:58,8.8.8.8,830.4,0,,,,,NONE,,,,[Speedtest Failed]
2026-03-26T21:06:04,8.8.8.8,299.6,0,YouFibre (London),1003.5,3.06,1.67,NONE,,,,[Below Threshold][No Reset]
2026-03-26T21:12:02,8.8.8.8,1073.3,0,FibreNest (London),359.9,2.46,0.84,NONE,,,,[Below Threshold][No Reset]
2026-03-26T21:18:03,8.8.8.8,704.6,0,FibreNest (London),383.4,11.83,3.12,NONE,,,,[Below Threshold][No Reset]
2026-03-26T21:23:50,8.8.8.8,366.3,0,Aquiss (London),286.2,12.90,2.69,NONE,,,,[Below Threshold][No Reset]
2026-03-26T21:29:28,8.8.8.8,1125.3,0,toob Ltd (London),135.4,6.66,2.03,NONE,,,,[Below Threshold][No Reset]
2026-03-26T21:35:22,8.8.8.8,1061.7,0,YouFibre (London),495.5,35.45,6.23,NONE,,,,[Below Threshold][No Reset]
2026-03-26T21:41:18,8.8.8.8,372.7,0,toob Ltd (London),36.9,22.83,2.68,NONE,,,,[Below Threshold][No Reset]
2026-03-26T21:47:00,8.8.8.8,970.5,0,Aquiss (London),902.3,3.90,2.71,NONE,,,,[Below Threshold][No Reset]
2026-03-26T21:53:00,8.8.8.8,400.8,0,Aquiss (London),302.5,12.53,4.18,NONE,,,,[Below Threshold][No Reset]
2026-03-26T21:58:38,8.8.8.8,1240.4,0,toob Ltd (London),518.0,4.94,2.90,NONE,,,,[Below Threshold][No Reset]
2026-03-26T22:04:34,8.8.8.8,866.9,0,,,,,NONE,,,,[Speedtest Failed]
2026-03-26T22:09:41,8.8.8.8,542.5,0,FibreNest (London),391.2,11.56,3.16,NONE,,,,[Below Threshold][No Reset]
2026-03-26T22:15:22,8.8.8.8,709.7,0,Hyperoptic Limited (London),562.1,3.51,2.92,NONE,,,,[Below Threshold][No Reset]
2026-03-26T22:21:13,8.8.8.8,576.9,0,YouFibre (London),327.9,13.37,4.72,NONE,,,,[Below Threshold][No Reset]
2026-03-26T22:26:55,8.8.8.8,1500.7,0,Aquiss (London),567.7,3.09,2.09,NONE,,,,[Below Threshold][No Reset]
2026-03-26T22:32:57,8.8.8.8,1236.4,0,Aquiss (London),468.8,3.13,2.65,NONE,,,,[Below Threshold][No Reset]
2026-03-26T22:38:58,8.8.8.8,252.6,0,FibreNest (London),132.0,2.34,2.86,NONE,,,,[Below Threshold][No Reset]
2026-03-26T22:44:41,8.8.8.8,807.2,0,Aquiss (London),406.8,5.59,2.07,NONE,,,,[Below Threshold][No Reset]
2026-03-26T22:50:34,8.8.8.8,1025.0,0,FibreNest (London),505.6,3.51,2.74,NONE,,,,[Below Threshold][No Reset]
2026-03-26T22:56:31,8.8.8.8,350.0,0,Aquiss (London),404.9,8.84,5.64,NONE,,,,[Below Threshold][No Reset]
2026-03-26T23:02:13,8.8.8.8,843.7,0,,,,,NONE,,,,[Speedtest Failed]
2026-03-26T23:07:20,8.8.8.8,650.4,0,BRSK (London),367.5,11.34,6.18,NONE,,,,[Below Threshold][No Reset]
2026-03-26T23:13:13,8.8.8.8,415.4,0,FibreNest (Slough),345.2,7.61,5.37,NONE,,,,[Below Threshold][No Reset]
2026-03-26T23:18:52,8.8.8.8,464.2,0,Voneus Limited (London),157.4,4.19,2.17,NONE,,,,[Below Threshold][No Reset]
2026-03-26T23:24:30,8.8.8.8,397.4,0,Trooli (Slough),368.0,16.03,3.56,NONE,,,,[Below Threshold][No Reset]
